-- OWNER CREATION
INSERT INTO OWNER( ID , NAME , EMAIL , CREATED_BY , CREATION_DATE ) 
VALUES ( 1001, 'irshad', 'irshad@gmail.com','irshad',now());
INSERT INTO OWNER( ID , NAME , EMAIL , CREATED_BY , CREATION_DATE ) 
VALUES ( 1002, 'Ahmad', 'Ahmad@gmail.com','Ahmad',now());

-- ADDRESS CREATION
INSERT INTO ADDRESS ( ID , ADDRESS_LINE1 , ADDRESS_LINE2 , CITY , COUNTRY , ZIP_CODE , CREATED_BY , CREATION_DATE, OWNER_ID  )
VALUES ( 2001 , '555 2nd floor','11th cross 29 main', 'Bengaluru', 'Karnataka', '560076', 'irshad',now(),1001);
INSERT INTO ADDRESS ( ID , ADDRESS_LINE1 , ADDRESS_LINE2 , CITY , COUNTRY , ZIP_CODE , CREATED_BY , CREATION_DATE, OWNER_ID  )
VALUES ( 2002 , '555 2nd floor','11th cross 29 main', 'Bengaluru', 'Karnataka', '560076', 'irshad',now(),1001);
INSERT INTO ADDRESS ( ID , ADDRESS_LINE1 , ADDRESS_LINE2 , CITY , COUNTRY , ZIP_CODE , CREATED_BY , CREATION_DATE, OWNER_ID  )
VALUES ( 2003 , '555 2nd floor','11th cross 29 main', 'Bengaluru', 'Karnataka', '560076', 'Ahmad',now(),1002);
INSERT INTO ADDRESS ( ID , ADDRESS_LINE1 , ADDRESS_LINE2 , CITY , COUNTRY , ZIP_CODE , CREATED_BY , CREATION_DATE, OWNER_ID  )
VALUES ( 2004 , '555 2nd floor','11th cross 29 main', 'Bengaluru', 'Karnataka', '560076', 'Ahmad',now(),1002);

-- ORGANISATION CREATION
INSERT INTO ORGANISATION (ID , TITLE , URL , CREATED_BY , CREATION_DATE , OWNER_ID)
VALUES( 3001, 'initgrep' , 'www.initgrep.com' , 'irshad', now(), 1001);
INSERT INTO ORGANISATION (ID , TITLE , URL , CREATED_BY , CREATION_DATE , OWNER_ID)
VALUES( 3002, 'wemater' , 'www.wemater.com' , 'ahmad', now(), 1002); 

-- SUBSCRIBER CREATION

INSERT INTO SUBSCRIBER (ID , EMAIL , LOCALE , ORG_ID ) VALUES(4001,'a@gmail.com', 1009, 3001);
INSERT INTO SUBSCRIBER (ID , EMAIL , LOCALE , ORG_ID ) VALUES(4002,'b@gmail.com', 1009, 3001);
INSERT INTO SUBSCRIBER (ID , EMAIL , LOCALE , ORG_ID ) VALUES(4003,'c@gmail.com', 1009, 3001);
INSERT INTO SUBSCRIBER (ID , EMAIL , LOCALE , ORG_ID ) VALUES(4004,'d@gmail.com', 1009, 3001);
INSERT INTO SUBSCRIBER (ID , EMAIL , LOCALE , ORG_ID ) VALUES(4005,'e@gmail.com', 1009, 3001);
INSERT INTO SUBSCRIBER (ID , EMAIL , LOCALE , ORG_ID ) VALUES(4006,'f@gmail.com', 1009, 3001);
INSERT INTO SUBSCRIBER (ID , EMAIL , LOCALE , ORG_ID ) VALUES(4007,'g@gmail.com', 1009, 3001);
INSERT INTO SUBSCRIBER (ID , EMAIL , LOCALE , ORG_ID ) VALUES(4008,'h@gmail.com', 1009, 3001);
INSERT INTO SUBSCRIBER (ID , EMAIL , LOCALE , ORG_ID ) VALUES(4009,'i@gmail.com', 1009, 3001);
INSERT INTO SUBSCRIBER (ID , EMAIL , LOCALE , ORG_ID ) VALUES(4010,'j@gmail.com', 1009, 3001);
INSERT INTO SUBSCRIBER (ID , EMAIL , LOCALE , ORG_ID ) VALUES(4011,'k@gmail.com', 1009, 3001);

INSERT INTO SUBSCRIBER (ID , EMAIL , LOCALE , ORG_ID ) VALUES(4012,'a@gmail.com', 1009, 3002);
INSERT INTO SUBSCRIBER (ID , EMAIL , LOCALE , ORG_ID ) VALUES(4013,'b@gmail.com', 1009, 3002);
INSERT INTO SUBSCRIBER (ID , EMAIL , LOCALE , ORG_ID ) VALUES(4014,'c@gmail.com', 1009, 3002);
INSERT INTO SUBSCRIBER (ID , EMAIL , LOCALE , ORG_ID ) VALUES(4015,'d@gmail.com', 1009, 3002);
INSERT INTO SUBSCRIBER (ID , EMAIL , LOCALE , ORG_ID ) VALUES(4016,'e@gmail.com', 1009, 3002);
INSERT INTO SUBSCRIBER (ID , EMAIL , LOCALE , ORG_ID ) VALUES(4017,'f@gmail.com', 1009, 3002);
INSERT INTO SUBSCRIBER (ID , EMAIL , LOCALE , ORG_ID ) VALUES(4018,'g@gmail.com', 1009, 3002);
INSERT INTO SUBSCRIBER (ID , EMAIL , LOCALE , ORG_ID ) VALUES(4019,'h@gmail.com', 1009, 3002);
INSERT INTO SUBSCRIBER (ID , EMAIL , LOCALE , ORG_ID ) VALUES(4020,'i@gmail.com', 1009, 3002);
INSERT INTO SUBSCRIBER (ID , EMAIL , LOCALE , ORG_ID ) VALUES(4021,'j@gmail.com', 1009, 3002);
INSERT INTO SUBSCRIBER (ID , EMAIL , LOCALE , ORG_ID ) VALUES(4022,'k@gmail.com', 1009, 3002);

-- template creation

INSERT INTO TEMPLATE ( ID , TITLE , DESCRIPTION , IS_PRIVATE , CONTENT , CREATED_BY , CREATION_DATE , OWNER_ID )
VALUES( 5001, 'tempalte title1', 'desription 1', 'false', 'lots of content', 'irshad', now() , 1001);
INSERT INTO TEMPLATE ( ID , TITLE , DESCRIPTION , IS_PRIVATE , CONTENT , CREATED_BY , CREATION_DATE , OWNER_ID )
VALUES( 5002, 'tempalte title2', 'desription 2', 'true', 'lots of content', 'irshad', now() , 1001);
INSERT INTO TEMPLATE ( ID , TITLE , DESCRIPTION , IS_PRIVATE , CONTENT , CREATED_BY , CREATION_DATE , OWNER_ID )
VALUES( 5003, 'tempalte title3', 'desription 3', 'false', 'lots of content', 'Ahmad', now() , 1002);
INSERT INTO TEMPLATE ( ID , TITLE , DESCRIPTION , IS_PRIVATE , CONTENT , CREATED_BY , CREATION_DATE , OWNER_ID )
VALUES( 5004, ' tempate title4', 'desription 4', 'true', 'lots of contentad', 'Ahmad', now() , 1002);

-- compaign


INSERT INTO COMPAIGN(ID , TITLE , DESCRIPTION  , SENDER_EMAIL , IS_ACTIVE  , CREATED_BY , CREATION_DATE , ORG_ID,  TEMPLATE_ID )
VALUES(6001, 'irshad first compaign' , ' description of the compain', 'irshad@gmail.com','true' , 'irshad', now(), 3001, 5001);


INSERT INTO COMPAIGN(ID , TITLE , DESCRIPTION  , SENDER_EMAIL , IS_ACTIVE  , CREATED_BY , CREATION_DATE , ORG_ID,  TEMPLATE_ID )
VALUES(6002, 'Ahhmadirst compaign' , ' description of the compain', 'Ahmad@gmail.com','true' , 'Ahmad', now(), 3002, 5003);



-- COMPAIGN_RECIEPENTS
INSERT INTO COMPAIGN_RECEPIENTS (COMPAIGN_ID , RECEPIENTS_ID ) VALUES (6001, 4001);
INSERT INTO COMPAIGN_RECEPIENTS (COMPAIGN_ID , RECEPIENTS_ID ) VALUES (6001, 4002);
INSERT INTO COMPAIGN_RECEPIENTS (COMPAIGN_ID , RECEPIENTS_ID ) VALUES (6001, 4003);
--INSERT INTO COMPAIGN_RECEPIENTS (COMPAIGN_ID , RECEPIENTS_ID ) VALUES (6001, 4004);
--INSERT INTO COMPAIGN_RECEPIENTS (COMPAIGN_ID , RECEPIENTS_ID ) VALUES (6001, 4005);
--INSERT INTO COMPAIGN_RECEPIENTS (COMPAIGN_ID , RECEPIENTS_ID ) VALUES (6001, 4006);
--INSERT INTO COMPAIGN_RECEPIENTS (COMPAIGN_ID , RECEPIENTS_ID ) VALUES (6001, 4007);
--INSERT INTO COMPAIGN_RECEPIENTS (COMPAIGN_ID , RECEPIENTS_ID ) VALUES (6001, 4008);
--INSERT INTO COMPAIGN_RECEPIENTS (COMPAIGN_ID , RECEPIENTS_ID ) VALUES (6001, 4009);
--INSERT INTO COMPAIGN_RECEPIENTS (COMPAIGN_ID , RECEPIENTS_ID ) VALUES (6001, 4010);
--INSERT INTO COMPAIGN_RECEPIENTS (COMPAIGN_ID , RECEPIENTS_ID ) VALUES (6001, 4011);

--INSERT INTO COMPAIGN_RECEPIENTS (COMPAIGN_ID , RECEPIENTS_ID ) VALUES (6002, 4012);
--INSERT INTO COMPAIGN_RECEPIENTS (COMPAIGN_ID , RECEPIENTS_ID ) VALUES (6002, 4013);
--INSERT INTO COMPAIGN_RECEPIENTS (COMPAIGN_ID , RECEPIENTS_ID ) VALUES (6002, 4014);
--INSERT INTO COMPAIGN_RECEPIENTS (COMPAIGN_ID , RECEPIENTS_ID ) VALUES (6002, 4015);
--INSERT INTO COMPAIGN_RECEPIENTS (COMPAIGN_ID , RECEPIENTS_ID ) VALUES (6002, 4016);
--INSERT INTO COMPAIGN_RECEPIENTS (COMPAIGN_ID , RECEPIENTS_ID ) VALUES (6002, 4017);
--INSERT INTO COMPAIGN_RECEPIENTS (COMPAIGN_ID , RECEPIENTS_ID ) VALUES (6002, 4018);
--INSERT INTO COMPAIGN_RECEPIENTS (COMPAIGN_ID , RECEPIENTS_ID ) VALUES (6002, 4019);
INSERT INTO COMPAIGN_RECEPIENTS (COMPAIGN_ID , RECEPIENTS_ID ) VALUES (6002, 4020);
INSERT INTO COMPAIGN_RECEPIENTS (COMPAIGN_ID , RECEPIENTS_ID ) VALUES (6002, 4021);
INSERT INTO COMPAIGN_RECEPIENTS (COMPAIGN_ID , RECEPIENTS_ID ) VALUES (6002, 4022);





